keggID,DECount,Expect,N,notDECount,DEGsRatio,GeneRatio,BgRatio,p,adjP,FDR,Class,Description,MutantVsWT
ath00280,11,1.7604802604802605,52,41,11/52,11/211,41/4914,6.058164205541538e-6,6.058164205541538e-6,6.058164205541538e-6,Metabolism; Amino acid metabolism,"Valine, leucine and isoleucine degradation",gad1*
ath04075,29,11.24989824989825,291,262,29/291,29/211,262/4914,9.506425235785073e-6,9.506425235785073e-6,9.506425235785073e-6,Environmental Information Processing; Signal transduction,Plant hormone signal transduction,gad1*
ath00592,9,1.45991045991046,43,34,9/43,9/211,34/4914,4.7662265688971345e-5,4.7662265688971345e-5,4.7662265688971345e-5,Metabolism; Lipid metabolism,alpha-Linolenic acid metabolism,gad1*
ath00908,7,1.0734635734635736,32,25,7/32,7/211,25/4914,2.5347027808128407e-4,2.5347027808128407e-4,2.5347027808128407e-4,Metabolism; Metabolism of terpenoids and polyketides,Zeatin biosynthesis,gad1*
ath00901,3,0.04293854293854294,4,1,3/4,3/211,1/4914,2.669610008737855e-4,2.669610008737855e-4,2.669610008737855e-4,Metabolism; Biosynthesis of other secondary metabolites,Indole alkaloid biosynthesis,gad1*
ath00071,8,1.6746031746031746,47,39,8/47,8/211,39/4914,5.675933325229283e-4,5.675933325229283e-4,5.675933325229283e-4,Metabolism; Lipid metabolism,Fatty acid degradation,gad1*
ath00410,8,1.6746031746031746,47,39,8/47,8/211,39/4914,5.675933325229283e-4,5.675933325229283e-4,5.675933325229283e-4,Metabolism; Metabolism of other amino acids,beta-Alanine metabolism,gad1*
ath00330,8,1.9751729751729752,54,46,8/54,8/211,46/4914,0.001466218169132773,0.001466218169132773,0.001466218169132773,Metabolism; Amino acid metabolism,Arginine and proline metabolism,gad1*
ath00904,4,0.72995522995523,21,17,4/21,4/211,17/4914,0.009623984935224473,0.009623984935224473,0.009623984935224473,Metabolism; Metabolism of terpenoids and polyketides,Diterpenoid biosynthesis,gad1*
ath00380,7,2.4474969474969477,64,57,7/64,7/211,57/4914,0.015372843399861042,0.015372843399861042,0.015372843399861042,Metabolism; Amino acid metabolism,Tryptophan metabolism,gad1*
ath00250,6,1.9322344322344323,51,45,6/51,6/211,45/4914,0.017399608553712333,0.017399608553712333,0.017399608553712333,Metabolism; Amino acid metabolism,"Alanine, aspartate and glutamate metabolism",gad1*
ath00270,11,4.852055352055352,124,113,11/124,11/211,113/4914,0.01773264547122884,0.01773264547122884,0.01773264547122884,Metabolism; Amino acid metabolism,Cysteine and methionine metabolism,gad1*
ath00460,7,2.7051282051282053,70,63,7/70,7/211,63/4914,0.024140499156238372,0.024140499156238372,0.024140499156238372,Metabolism; Metabolism of other amino acids,Cyanoamino acid metabolism,gad1*
ath04016,11,5.4961334961334964,139,128,11/139,11/211,128/4914,0.030008752175236544,0.030008752175236544,0.030008752175236544,Environmental Information Processing; Signal transduction,MAPK signaling pathway - plant,gad1*
ath00910,5,1.6316646316646317,43,38,5/43,5/211,38/4914,0.03044004166381189,0.03044004166381189,0.03044004166381189,Metabolism; Energy metabolism,Nitrogen metabolism,gad1*
ath00940,10,5.066748066748067,128,118,10/128,10/211,118/4914,0.041557640023253864,0.041557640023253864,0.041557640023253864,Metabolism; Biosynthesis of other secondary metabolites,Phenylpropanoid biosynthesis,gad1*
ath00860,5,2.061050061050061,53,48,5/53,5/211,48/4914,0.06548006908177137,0.06548006908177137,0.06548006908177137,Metabolism; Metabolism of cofactors and vitamins,Porphyrin metabolism,gad1*
ath00260,6,2.7480667480667482,70,64,6/70,6/211,64/4914,0.06700702763346592,0.06700702763346592,0.06700702763346592,Metabolism; Amino acid metabolism,"Glycine, serine and threonine metabolism",gad1*
ath00400,5,2.18986568986569,56,51,5/56,5/211,51/4914,0.0790961197896486,0.0790961197896486,0.0790961197896486,Metabolism; Amino acid metabolism,"Phenylalanine, tyrosine and tryptophan biosynthesis",gad1*
ath00941,3,0.9446479446479447,25,22,3/25,3/211,22/4914,0.08137139181910182,0.08137139181910182,0.08137139181910182,Metabolism; Biosynthesis of other secondary metabolites,Flavonoid biosynthesis,gad1*
ath01040,3,0.9446479446479447,25,22,3/25,3/211,22/4914,0.08137139181910182,0.08137139181910182,0.08137139181910182,Metabolism; Lipid metabolism,Biosynthesis of unsaturated fatty acids,gad1*
ath00052,5,2.232804232804233,57,52,5/57,5/211,52/4914,0.08394801534931025,0.08394801534931025,0.08394801534931025,Metabolism; Carbohydrate metabolism,Galactose metabolism,gad1*
ath00350,4,1.5887260887260888,41,37,4/41,4/211,37/4914,0.08647435375705814,0.08647435375705814,0.08647435375705814,Metabolism; Amino acid metabolism,Tyrosine metabolism,gad1*
ath00640,4,1.5887260887260888,41,37,4/41,4/211,37/4914,0.08647435375705814,0.08647435375705814,0.08647435375705814,Metabolism; Carbohydrate metabolism,Propanoate metabolism,gad1*
ath04146,7,3.478021978021978,88,81,7/88,7/211,81/4914,0.09322702269332138,0.09322702269332138,0.09322702269332138,Cellular Processes; Transport and catabolism,Peroxisome,gad1*
ath00061,4,1.6746031746031746,43,39,4/43,4/211,39/4914,0.09903128515689122,0.09903128515689122,0.09903128515689122,Metabolism; Lipid metabolism,Fatty acid biosynthesis,gad1*
ath00906,3,1.1164021164021165,29,26,3/29,3/211,26/4914,0.11494701872739117,0.11494701872739117,0.11494701872739117,Metabolism; Metabolism of terpenoids and polyketides,Carotenoid biosynthesis,gad1*
ath00520,9,5.324379324379325,133,124,9/133,9/211,124/4914,0.12009249799995637,0.12009249799995637,0.12009249799995637,Metabolism; Carbohydrate metabolism,Amino sugar and nucleotide sugar metabolism,gad1*
ath00750,2,0.5582010582010583,15,13,2/15,2/211,13/4914,0.12472457656688678,0.12472457656688678,0.12472457656688678,Metabolism; Metabolism of cofactors and vitamins,Vitamin B6 metabolism,gad1*
ath00310,3,1.2022792022792024,31,28,3/31,3/211,28/4914,0.13339565689570673,0.13339565689570673,0.13339565689570673,Metabolism; Amino acid metabolism,Lysine degradation,gad1*
ath00780,2,0.6011396011396012,16,14,2/16,2/211,14/4914,0.13884060327708805,0.13884060327708805,0.13884060327708805,Metabolism; Metabolism of cofactors and vitamins,Biotin metabolism,gad1*
ath00770,3,1.3310948310948312,34,31,3/34,3/211,31/4914,0.1628059413471902,0.1628059413471902,0.1628059413471902,Metabolism; Metabolism of cofactors and vitamins,Pantothenate and CoA biosynthesis,gad1*
ath00340,2,0.72995522995523,19,17,2/19,2/211,17/4914,0.1829415208107489,0.1829415208107489,0.1829415208107489,Metabolism; Amino acid metabolism,Histidine metabolism,gad1*
ath00100,3,1.416971916971917,36,33,3/36,3/211,33/4914,0.18339409344028318,0.18339409344028318,0.18339409344028318,Metabolism; Lipid metabolism,Steroid biosynthesis,gad1*
ath00220,3,1.416971916971917,36,33,3/36,3/211,33/4914,0.18339409344028318,0.18339409344028318,0.18339409344028318,Metabolism; Amino acid metabolism,Arginine biosynthesis,gad1*
ath00480,7,4.122100122100122,103,96,7/103,7/211,96/4914,0.20018981715522657,0.20018981715522657,0.20018981715522657,Metabolism; Metabolism of other amino acids,Glutathione metabolism,gad1*
ath00130,3,1.5457875457875458,39,36,3/39,3/211,36/4914,0.21545103872844934,0.21545103872844934,0.21545103872844934,Metabolism; Metabolism of cofactors and vitamins,Ubiquinone and other terpenoid-quinone biosynthesis,gad1*
ath00950,2,0.8587708587708588,22,20,2/22,2/211,20/4914,0.22872232159354322,0.22872232159354322,0.22872232159354322,Metabolism; Biosynthesis of other secondary metabolites,Isoquinoline alkaloid biosynthesis,gad1*
ath04136,3,1.6316646316646317,41,38,3/41,3/211,38/4914,0.23743861577685502,0.23743861577685502,0.23743861577685502,Cellular Processes; Transport and catabolism,Autophagy - other,gad1*
ath00500,10,6.913105413105413,171,161,10/171,10/211,161/4914,0.23790075884274292,0.23790075884274292,0.23790075884274292,Metabolism; Carbohydrate metabolism,Starch and sucrose metabolism,gad1*
ath00999,4,2.6192511192511194,65,61,4/65,4/211,61/4914,0.3424772336900155,0.3424772336900155,0.3424772336900155,Metabolism; Biosynthesis of other secondary metabolites,Biosynthesis of various plant secondary metabolites,gad1*
ath00561,4,2.6621896621896624,66,62,4/66,4/211,62/4914,0.3491212481382981,0.3491212481382981,0.3491212481382981,Metabolism; Lipid metabolism,Glycerolipid metabolism,gad1*
ath00360,2,1.3310948310948312,33,31,2/33,2/211,31/4914,0.39678785535672895,0.39678785535672895,0.39678785535672895,Metabolism; Amino acid metabolism,Phenylalanine metabolism,gad1*
ath00630,4,3.1774521774521776,78,74,4/78,4/211,74/4914,0.5628751378358342,0.5628751378358342,0.5628751378358342,Metabolism; Carbohydrate metabolism,Glyoxylate and dicarboxylate metabolism,gad1*
ath00564,5,4.036223036223036,99,94,5/99,5/211,94/4914,0.6045808331996309,0.6045808331996309,0.6045808331996309,Metabolism; Lipid metabolism,Glycerophospholipid metabolism,gad1*
ath00960,2,1.45991045991046,36,34,2/36,2/211,34/4914,0.6590920743435515,0.6590920743435515,0.6590920743435515,Metabolism; Biosynthesis of other secondary metabolites,"Tropane, piperidine and pyridine alkaloid biosynthesis",gad1*
ath00073,2,1.502849002849003,37,35,2/37,2/211,35/4914,0.6640809072767022,0.6640809072767022,0.6640809072767022,Metabolism; Lipid metabolism,"Cutin, suberine and wax biosynthesis",gad1*
ath04712,2,1.5887260887260888,39,37,2/39,2/211,37/4914,0.6745507441043953,0.6745507441043953,0.6745507441043953,Organismal Systems; Environmental adaptation,Circadian rhythm - plant,gad1*
ath00920,2,1.7175417175417176,42,40,2/42,2/211,40/4914,0.691170375680173,0.691170375680173,0.691170375680173,Metabolism; Energy metabolism,Sulfur metabolism,gad1*
ath00020,3,2.6192511192511194,64,61,3/64,3/211,61/4914,0.7469045583317766,0.7469045583317766,0.7469045583317766,Metabolism; Carbohydrate metabolism,Citrate cycle (TCA cycle),gad1*
ath00240,3,2.6192511192511194,64,61,3/64,3/211,61/4914,0.7469045583317766,0.7469045583317766,0.7469045583317766,Metabolism; Nucleotide metabolism,Pyrimidine metabolism,gad1*
ath00620,4,3.9932844932844933,97,93,4/97,4/211,93/4914,1,1,1,Metabolism; Carbohydrate metabolism,Pyruvate metabolism,gad1*
ath04075,36,13.904320987654321,291,255,36/291,36/265,255/4860,6.880434762958444e-7,6.880434762958444e-7,6.880434762958444e-7,Environmental Information Processing; Signal transduction,Plant hormone signal transduction,gad1KO
ath00940,19,5.943415637860082,128,109,19/128,19/265,109/4860,2.5329743580235374e-5,2.5329743580235374e-5,2.5329743580235374e-5,Metabolism; Biosynthesis of other secondary metabolites,Phenylpropanoid biosynthesis,gad1KO
ath00280,10,2.2901234567901234,52,42,10/52,10/265,42/4860,2.6455266198005143e-4,2.6455266198005143e-4,2.6455266198005143e-4,Metabolism; Amino acid metabolism,"Valine, leucine and isoleucine degradation",gad1KO
ath00592,9,1.853909465020576,43,34,9/43,9/265,34/4860,2.7548678014580584e-4,2.7548678014580584e-4,2.7548678014580584e-4,Metabolism; Lipid metabolism,alpha-Linolenic acid metabolism,gad1KO
ath00901,3,0.05452674897119342,4,1,3/4,3/265,1/4860,5.260765497369591e-4,5.260765497369591e-4,5.260765497369591e-4,Metabolism; Biosynthesis of other secondary metabolites,Indole alkaloid biosynthesis,gad1KO
ath00071,9,2.07201646090535,47,38,9/47,9/265,38/4860,5.549998828566129e-4,5.549998828566129e-4,5.549998828566129e-4,Metabolism; Lipid metabolism,Fatty acid degradation,gad1KO
ath00908,7,1.3631687242798354,32,25,7/32,7/265,25/4860,0.001006752989763918,0.001006752989763918,0.001006752989763918,Metabolism; Metabolism of terpenoids and polyketides,Zeatin biosynthesis,gad1KO
ath00410,8,2.126543209876543,47,39,8/47,8/265,39/4860,0.002486502752743739,0.002486502752743739,0.002486502752743739,Metabolism; Metabolism of other amino acids,beta-Alanine metabolism,gad1KO
ath00460,10,3.271604938271605,70,60,10/70,10/265,60/4860,0.002916492611004747,0.002916492611004747,0.002916492611004747,Metabolism; Metabolism of other amino acids,Cyanoamino acid metabolism,gad1KO
ath00350,7,1.853909465020576,41,34,7/41,7/265,34/4860,0.0045162246038313895,0.0045162246038313895,0.0045162246038313895,Metabolism; Amino acid metabolism,Tyrosine metabolism,gad1KO
ath04016,15,6.761316872427984,139,124,15/139,15/265,124/4860,0.005652270905964603,0.005652270905964603,0.005652270905964603,Environmental Information Processing; Signal transduction,MAPK signaling pathway - plant,gad1KO
ath00330,8,2.5082304526748973,54,46,8/54,8/265,46/4860,0.006018925301649517,0.006018925301649517,0.006018925301649517,Metabolism; Amino acid metabolism,Arginine and proline metabolism,gad1KO
ath00500,17,8.397119341563785,171,154,17/171,17/265,154/4860,0.007825485989856149,0.007825485989856149,0.007825485989856149,Metabolism; Carbohydrate metabolism,Starch and sucrose metabolism,gad1KO
ath00130,6,1.7993827160493827,39,33,6/39,6/265,33/4860,0.013964455085540055,0.013964455085540055,0.013964455085540055,Metabolism; Metabolism of cofactors and vitamins,Ubiquinone and other terpenoid-quinone biosynthesis,gad1KO
ath00250,7,2.39917695473251,51,44,7/51,7/265,44/4860,0.014996665735551182,0.014996665735551182,0.014996665735551182,Metabolism; Amino acid metabolism,"Alanine, aspartate and glutamate metabolism",gad1KO
ath00520,13,6.54320987654321,133,120,13/133,13/265,120/4860,0.025865287519582763,0.025865287519582763,0.025865287519582763,Metabolism; Carbohydrate metabolism,Amino sugar and nucleotide sugar metabolism,gad1KO
ath00073,5,1.7448559670781894,37,32,5/37,5/265,32/4860,0.04001686612984326,0.04001686612984326,0.04001686612984326,Metabolism; Lipid metabolism,"Cutin, suberine and wax biosynthesis",gad1KO
ath00480,10,5.070987654320987,103,93,10/103,10/265,93/4860,0.04315056354294873,0.04315056354294873,0.04315056354294873,Metabolism; Metabolism of other amino acids,Glutathione metabolism,gad1KO
ath00380,7,3.1080246913580245,64,57,7/64,7/265,57/4860,0.04577021773381765,0.04577021773381765,0.04577021773381765,Metabolism; Amino acid metabolism,Tryptophan metabolism,gad1KO
ath04146,9,4.30761316872428,88,79,9/88,9/265,79/4860,0.04590173033258097,0.04590173033258097,0.04590173033258097,Cellular Processes; Transport and catabolism,Peroxisome,gad1KO
ath00906,4,1.3631687242798354,29,25,4/29,4/265,25/4860,0.060009782263898075,0.060009782263898075,0.060009782263898075,Metabolism; Metabolism of terpenoids and polyketides,Carotenoid biosynthesis,gad1KO
ath00270,11,6.161522633744856,124,113,11/124,11/265,113/4860,0.06486098475306491,0.06486098475306491,0.06486098475306491,Metabolism; Amino acid metabolism,Cysteine and methionine metabolism,gad1KO
ath00910,5,2.07201646090535,43,38,5/43,5/265,38/4860,0.0690013300829694,0.0690013300829694,0.0690013300829694,Metabolism; Energy metabolism,Nitrogen metabolism,gad1KO
ath00561,7,3.2170781893004117,66,59,7/66,7/265,59/4860,0.08203475623174666,0.08203475623174666,0.08203475623174666,Metabolism; Lipid metabolism,Glycerolipid metabolism,gad1KO
ath00360,4,1.581275720164609,33,29,4/33,4/265,29/4860,0.08825904677261177,0.08825904677261177,0.08825904677261177,Metabolism; Amino acid metabolism,Phenylalanine metabolism,gad1KO
ath00904,3,0.9814814814814815,21,18,3/21,3/265,18/4860,0.09141465496864519,0.09141465496864519,0.09141465496864519,Metabolism; Metabolism of terpenoids and polyketides,Diterpenoid biosynthesis,gad1KO
ath00260,7,3.435185185185185,70,63,7/70,7/265,63/4860,0.09194903965327049,0.09194903965327049,0.09194903965327049,Metabolism; Amino acid metabolism,"Glycine, serine and threonine metabolism",gad1KO
ath00950,3,1.036008230452675,22,19,3/22,3/265,19/4860,0.10198650827315872,0.10198650827315872,0.10198650827315872,Metabolism; Biosynthesis of other secondary metabolites,Isoquinoline alkaloid biosynthesis,gad1KO
ath00941,3,1.199588477366255,25,22,3/25,3/265,22/4860,0.1363425905614455,0.1363425905614455,0.1363425905614455,Metabolism; Biosynthesis of other secondary metabolites,Flavonoid biosynthesis,gad1KO
ath01040,3,1.199588477366255,25,22,3/25,3/265,22/4860,0.1363425905614455,0.1363425905614455,0.1363425905614455,Metabolism; Lipid metabolism,Biosynthesis of unsaturated fatty acids,gad1KO
ath00999,6,3.2170781893004117,65,59,6/65,6/265,59/4860,0.14879255608490738,0.14879255608490738,0.14879255608490738,Metabolism; Biosynthesis of other secondary metabolites,Biosynthesis of various plant secondary metabolites,gad1KO
ath00640,4,2.0174897119341564,41,37,4/41,4/265,37/4860,0.1598723020435913,0.1598723020435913,0.1598723020435913,Metabolism; Carbohydrate metabolism,Propanoate metabolism,gad1KO
ath00920,4,2.07201646090535,42,38,4/42,4/265,38/4860,0.1700131896890605,0.1700131896890605,0.1700131896890605,Metabolism; Energy metabolism,Sulfur metabolism,gad1KO
ath00564,8,4.961934156378601,99,91,8/99,8/265,91/4860,0.1707274267898879,0.1707274267898879,0.1707274267898879,Metabolism; Lipid metabolism,Glycerophospholipid metabolism,gad1KO
ath00780,2,0.7633744855967078,16,14,2/16,2/265,14/4860,0.19914495171354976,0.19914495171354976,0.19914495171354976,Metabolism; Metabolism of cofactors and vitamins,Biotin metabolism,gad1KO
ath00310,3,1.5267489711934157,31,28,3/31,3/265,28/4860,0.2142006182401787,0.2142006182401787,0.2142006182401787,Metabolism; Amino acid metabolism,Lysine degradation,gad1KO
ath00770,3,1.690329218106996,34,31,3/34,3/265,31/4860,0.25610010311988074,0.25610010311988074,0.25610010311988074,Metabolism; Metabolism of cofactors and vitamins,Pantothenate and CoA biosynthesis,gad1KO
ath00340,2,0.926954732510288,19,17,2/19,2/265,17/4860,0.2574703922770952,0.2574703922770952,0.2574703922770952,Metabolism; Amino acid metabolism,Histidine metabolism,gad1KO
ath00760,2,0.926954732510288,19,17,2/19,2/265,17/4860,0.2574703922770952,0.2574703922770952,0.2574703922770952,Metabolism; Metabolism of cofactors and vitamins,Nicotinate and nicotinamide metabolism,gad1KO
ath00740,2,0.9814814814814815,20,18,2/20,2/265,18/4860,0.2770413154898307,0.2770413154898307,0.2770413154898307,Metabolism; Metabolism of cofactors and vitamins,Riboflavin metabolism,gad1KO
ath00061,4,2.126543209876543,43,39,4/43,4/265,39/4860,0.28137466880834666,0.28137466880834666,0.28137466880834666,Metabolism; Lipid metabolism,Fatty acid biosynthesis,gad1KO
ath00860,4,2.671810699588477,53,49,4/53,4/265,49/4860,0.351973821294991,0.351973821294991,0.351973821294991,Metabolism; Metabolism of cofactors and vitamins,Porphyrin metabolism,gad1KO
ath04626,13,10.414609053497943,204,191,13/204,13/265,191/4860,0.41806998979001025,0.41806998979001025,0.41806998979001025,Organismal Systems; Environmental adaptation,Plant-pathogen interaction,gad1KO
ath00062,3,1.7993827160493827,36,33,3/36,3/265,33/4860,0.43152261617380916,0.43152261617380916,0.43152261617380916,Metabolism; Lipid metabolism,Fatty acid elongation,gad1KO
ath00220,3,1.7993827160493827,36,33,3/36,3/265,33/4860,0.43152261617380916,0.43152261617380916,0.43152261617380916,Metabolism; Amino acid metabolism,Arginine biosynthesis,gad1KO
ath00960,3,1.7993827160493827,36,33,3/36,3/265,33/4860,0.43152261617380916,0.43152261617380916,0.43152261617380916,Metabolism; Biosynthesis of other secondary metabolites,"Tropane, piperidine and pyridine alkaloid biosynthesis",gad1KO
ath04712,3,1.962962962962963,39,36,3/39,3/265,36/4860,0.45294755889041227,0.45294755889041227,0.45294755889041227,Organismal Systems; Environmental adaptation,Circadian rhythm - plant,gad1KO
ath04136,3,2.07201646090535,41,38,3/41,3/265,38/4860,0.4690681543240062,0.4690681543240062,0.4690681543240062,Cellular Processes; Transport and catabolism,Autophagy - other,gad1KO
ath00400,4,2.8353909465020575,56,52,4/56,4/265,52/4860,0.5341795589434876,0.5341795589434876,0.5341795589434876,Metabolism; Amino acid metabolism,"Phenylalanine, tyrosine and tryptophan biosynthesis",gad1KO
ath00052,4,2.889917695473251,57,53,4/57,4/265,53/4860,0.5380343449583891,0.5380343449583891,0.5380343449583891,Metabolism; Carbohydrate metabolism,Galactose metabolism,gad1KO
ath00240,4,3.271604938271605,64,60,4/64,4/265,60/4860,0.5723014536702186,0.5723014536702186,0.5723014536702186,Metabolism; Nucleotide metabolism,Pyrimidine metabolism,gad1KO
ath00630,5,3.980452674897119,78,73,5/78,5/265,73/4860,0.6010691201871434,0.6010691201871434,0.6010691201871434,Metabolism; Carbohydrate metabolism,Glyoxylate and dicarboxylate metabolism,gad1KO
ath00600,2,1.6358024691358024,32,30,2/32,2/265,30/4860,0.6805566051009955,0.6805566051009955,0.6805566051009955,Metabolism; Lipid metabolism,Sphingolipid metabolism,gad1KO
ath00100,2,1.853909465020576,36,34,2/36,2/265,34/4860,0.7095625815853064,0.7095625815853064,0.7095625815853064,Metabolism; Lipid metabolism,Steroid biosynthesis,gad1KO
ath00030,3,2.998971193415638,58,55,3/58,3/265,55/4860,1,1,1,Metabolism; Carbohydrate metabolism,Pentose phosphate pathway,gad1KO
ath00592,15,2.229618706551506,43,28,15/43,15/378,28/4747,1.768003065553641e-7,1.768003065553641e-7,1.768003065553641e-7,Metabolism; Lipid metabolism,alpha-Linolenic acid metabolism,gad2-1
ath00410,12,2.787023383189383,47,35,12/47,12/378,35/4747,1.0637662026173169e-4,1.0637662026173169e-4,1.0637662026173169e-4,Metabolism; Metabolism of other amino acids,beta-Alanine metabolism,gad2-1
ath00250,12,3.1055403412681692,51,39,12/51,12/378,39/4747,2.4669581092820014e-4,2.4669581092820014e-4,2.4669581092820014e-4,Metabolism; Amino acid metabolism,"Alanine, aspartate and glutamate metabolism",gad2-1
ath00908,9,1.831472508953023,32,23,9/32,9/378,23/4747,3.576879553840221e-4,3.576879553840221e-4,3.576879553840221e-4,Metabolism; Metabolism of terpenoids and polyketides,Zeatin biosynthesis,gad2-1
ath00901,3,0.07962923951969665,4,1,3/4,3/378,1/4747,0.0015056593298972498,0.0015056593298972498,0.0015056593298972498,Metabolism; Biosynthesis of other secondary metabolites,Indole alkaloid biosynthesis,gad2-1
ath00940,20,8.599957868127238,128,108,20/128,20/378,108/4747,0.0015335421600559155,0.0015335421600559155,0.0015335421600559155,Metabolism; Biosynthesis of other secondary metabolites,Phenylpropanoid biosynthesis,gad2-1
ath00330,11,3.424057299346956,54,43,11/54,11/378,43/4747,0.0016130835038494144,0.0016130835038494144,0.0016130835038494144,Metabolism; Amino acid metabolism,Arginine and proline metabolism,gad2-1
ath00071,10,2.946281862228776,47,37,10/47,10/378,37/4747,0.0018480123512315983,0.0018480123512315983,0.0018480123512315983,Metabolism; Lipid metabolism,Fatty acid degradation,gad2-1
ath00280,10,3.3444280598272593,52,42,10/52,10/378,42/4747,0.0040557391063463155,0.0040557391063463155,0.0040557391063463155,Metabolism; Amino acid metabolism,"Valine, leucine and isoleucine degradation",gad2-1
ath00942,2,0,2,0,2/2,2/378,0/4747,0.005426629348260694,0.005426629348260694,0.005426629348260694,Metabolism; Biosynthesis of other secondary metabolites,Anthocyanin biosynthesis,gad2-1
ath00380,11,4.2203496945439225,64,53,11/64,11/378,53/4747,0.006441845805250233,0.006441845805250233,0.006441845805250233,Metabolism; Amino acid metabolism,Tryptophan metabolism,gad2-1
ath04712,8,2.468506425110596,39,31,8/39,8/378,31/4747,0.006576432385400284,0.006576432385400284,0.006576432385400284,Organismal Systems; Environmental adaptation,Circadian rhythm - plant,gad2-1
ath00400,10,3.662945017906046,56,46,10/56,10/378,46/4747,0.007012218326887187,0.007012218326887187,0.007012218326887187,Metabolism; Amino acid metabolism,"Phenylalanine, tyrosine and tryptophan biosynthesis",gad2-1
ath00910,8,2.787023383189383,43,35,8/43,8/378,35/4747,0.01197534062208671,0.01197534062208671,0.01197534062208671,Metabolism; Energy metabolism,Nitrogen metabolism,gad2-1
ath00904,5,1.2740678323151464,21,16,5/21,5/378,16/4747,0.016132833693232203,0.016132833693232203,0.016132833693232203,Metabolism; Metabolism of terpenoids and polyketides,Diterpenoid biosynthesis,gad2-1
ath00073,7,2.3888771855908995,37,30,7/37,7/378,30/4747,0.016759155196096498,0.016759155196096498,0.016759155196096498,Metabolism; Lipid metabolism,"Cutin, suberine and wax biosynthesis",gad2-1
ath00500,21,11.944385927954498,171,150,21/171,21/378,150/4747,0.017052451948732162,0.017052451948732162,0.017052451948732162,Metabolism; Carbohydrate metabolism,Starch and sucrose metabolism,gad2-1
ath00480,14,7.087002317253002,103,89,14/103,14/378,89/4747,0.021377335132760234,0.021377335132760234,0.021377335132760234,Metabolism; Metabolism of other amino acids,Glutathione metabolism,gad2-1
ath03008,13,6.768485359174215,98,85,13/98,13/378,85/4747,0.031363035397186025,0.031363035397186025,0.031363035397186025,Genetic Information Processing; Translation,Ribosome biogenesis in eukaryotes,gad2-1
ath00460,10,4.777754371181799,70,60,10/70,10/378,60/4747,0.0357693930145366,0.0357693930145366,0.0357693930145366,Metabolism; Metabolism of other amino acids,Cyanoamino acid metabolism,gad2-1
ath00430,3,0.6370339161575732,11,8,3/11,3/378,8/4747,0.04208832251342683,0.04208832251342683,0.04208832251342683,Metabolism; Metabolism of other amino acids,Taurine and hypotaurine metabolism,gad2-1
ath00650,4,1.2740678323151464,20,16,4/20,4/378,16/4747,0.05497148485813243,0.05497148485813243,0.05497148485813243,Metabolism; Carbohydrate metabolism,Butanoate metabolism,gad2-1
ath04075,30,20.783231514640825,291,261,30/291,30/378,261/4747,0.06331336194578459,0.06331336194578459,0.06331336194578459,Environmental Information Processing; Signal transduction,Plant hormone signal transduction,gad2-1
ath00052,8,3.9018327364651357,57,49,8/57,8/378,49/4747,0.06824172192440169,0.06824172192440169,0.06824172192440169,Metabolism; Carbohydrate metabolism,Galactose metabolism,gad2-1
ath00260,9,4.857383610701496,70,61,9/70,9/378,61/4747,0.10013246998432784,0.10013246998432784,0.10013246998432784,Metabolism; Amino acid metabolism,"Glycine, serine and threonine metabolism",gad2-1
ath00941,4,1.6722140299136297,25,21,4/25,4/378,21/4747,0.10785658427531813,0.10785658427531813,0.10785658427531813,Metabolism; Biosynthesis of other secondary metabolites,Flavonoid biosynthesis,gad2-1
ath00270,14,8.759216347166632,124,110,14/124,14/378,110/4747,0.11364704497458568,0.11364704497458568,0.11364704497458568,Metabolism; Amino acid metabolism,Cysteine and methionine metabolism,gad2-1
ath00350,6,2.787023383189383,41,35,6/41,6/378,35/4747,0.12040395479027317,0.12040395479027317,0.12040395479027317,Metabolism; Amino acid metabolism,Tyrosine metabolism,gad2-1
ath00640,6,2.787023383189383,41,35,6/41,6/378,35/4747,0.12040395479027317,0.12040395479027317,0.12040395479027317,Metabolism; Carbohydrate metabolism,Propanoate metabolism,gad2-1
ath00966,4,1.7518432694333264,26,22,4/26,4/378,22/4747,0.1204569528155378,0.1204569528155378,0.1204569528155378,Metabolism; Biosynthesis of other secondary metabolites,Glucosinolate biosynthesis,gad2-1
ath00591,2,0.5574046766378765,9,7,2/9,2/378,7/4747,0.13845869633034585,0.13845869633034585,0.13845869633034585,Metabolism; Lipid metabolism,Linoleic acid metabolism,gad2-1
ath00906,4,1.9907309879924162,29,25,4/29,4/378,25/4747,0.16169580611721124,0.16169580611721124,0.16169580611721124,Metabolism; Metabolism of terpenoids and polyketides,Carotenoid biosynthesis,gad2-1
ath00740,3,1.3536970718348431,20,17,3/20,3/378,17/4747,0.1793770153345657,0.1793770153345657,0.1793770153345657,Metabolism; Metabolism of cofactors and vitamins,Riboflavin metabolism,gad2-1
ath00100,5,2.468506425110596,36,31,5/36,5/378,31/4747,0.18488781171821894,0.18488781171821894,0.18488781171821894,Metabolism; Lipid metabolism,Steroid biosynthesis,gad2-1
ath00220,5,2.468506425110596,36,31,5/36,5/378,31/4747,0.18488781171821894,0.18488781171821894,0.18488781171821894,Metabolism; Amino acid metabolism,Arginine biosynthesis,gad2-1
ath00950,3,1.5129555508742363,22,19,3/22,3/378,19/4747,0.2182615294903851,0.2182615294903851,0.2182615294903851,Metabolism; Biosynthesis of other secondary metabolites,Isoquinoline alkaloid biosynthesis,gad2-1
ath00360,4,2.3092479460712028,33,29,4/33,4/378,29/4747,0.30230766361005196,0.30230766361005196,0.30230766361005196,Metabolism; Amino acid metabolism,Phenylalanine metabolism,gad2-1
ath00960,4,2.548135664630293,36,32,4/36,4/378,32/4747,0.33543471002098746,0.33543471002098746,0.33543471002098746,Metabolism; Biosynthesis of other secondary metabolites,"Tropane, piperidine and pyridine alkaloid biosynthesis",gad2-1
ath00520,12,9.635137981883295,133,121,12/133,12/378,121/4747,0.40416438466273436,0.40416438466273436,0.40416438466273436,Metabolism; Carbohydrate metabolism,Amino sugar and nucleotide sugar metabolism,gad2-1
ath00053,6,4.538866652622709,63,57,6/63,6/378,57/4747,0.465106006858717,0.465106006858717,0.465106006858717,Metabolism; Carbohydrate metabolism,Ascorbate and aldarate metabolism,gad2-1
ath00240,6,4.6184958921424055,64,58,6/64,6/378,58/4747,0.47115948897004434,0.47115948897004434,0.47115948897004434,Metabolism; Nucleotide metabolism,Pyrimidine metabolism,gad2-1
ath00999,6,4.698125131662103,65,59,6/65,6/378,59/4747,0.47760358957529286,0.47760358957529286,0.47760358957529286,Metabolism; Biosynthesis of other secondary metabolites,Biosynthesis of various plant secondary metabolites,gad2-1
ath00790,3,2.1499894670318094,30,27,3/30,3/378,27/4747,0.48262994338685133,0.48262994338685133,0.48262994338685133,Metabolism; Metabolism of cofactors and vitamins,Folate biosynthesis,gad2-1
ath00310,3,2.229618706551506,31,28,3/31,3/378,28/4747,0.49572255619858396,0.49572255619858396,0.49572255619858396,Metabolism; Amino acid metabolism,Lysine degradation,gad2-1
ath04016,12,10.112913419001474,139,127,12/139,12/378,127/4747,0.5117710981526488,0.5117710981526488,0.5117710981526488,Environmental Information Processing; Signal transduction,MAPK signaling pathway - plant,gad2-1
ath00130,4,2.787023383189383,39,35,4/39,4/378,35/4747,0.5294718156563586,0.5294718156563586,0.5294718156563586,Metabolism; Metabolism of cofactors and vitamins,Ubiquinone and other terpenoid-quinone biosynthesis,gad2-1
ath00860,5,3.822203496945439,53,48,5/53,5/378,48/4747,0.5915316341633065,0.5915316341633065,0.5915316341633065,Metabolism; Metabolism of cofactors and vitamins,Porphyrin metabolism,gad2-1
ath00340,2,1.3536970718348431,19,17,2/19,2/378,17/4747,0.646734526892281,0.646734526892281,0.646734526892281,Metabolism; Amino acid metabolism,Histidine metabolism,gad2-1
ath00590,2,1.4333263113545398,20,18,2/20,2/378,18/4747,0.6555976617134843,0.6555976617134843,0.6555976617134843,Metabolism; Lipid metabolism,Arachidonic acid metabolism,gad2-1
ath00290,2,1.5129555508742363,21,19,2/21,2/378,19/4747,0.6650830620588484,0.6650830620588484,0.6650830620588484,Metabolism; Amino acid metabolism,"Valine, leucine and isoleucine biosynthesis",gad2-1
ath00730,2,1.5129555508742363,21,19,2/21,2/378,19/4747,0.6650830620588484,0.6650830620588484,0.6650830620588484,Metabolism; Metabolism of cofactors and vitamins,Thiamine metabolism,gad2-1
ath00909,2,1.6722140299136297,23,21,2/23,2/378,21/4747,0.6853782526271921,0.6853782526271921,0.6853782526271921,Metabolism; Metabolism of terpenoids and polyketides,Sesquiterpenoid and triterpenoid biosynthesis,gad2-1
ath01040,2,1.831472508953023,25,23,2/25,2/378,23/4747,0.7066967769466559,0.7066967769466559,0.7066967769466559,Metabolism; Lipid metabolism,Biosynthesis of unsaturated fatty acids,gad2-1
ath00565,2,1.9111017484727195,26,24,2/26,2/378,24/4747,0.7175133397293763,0.7175133397293763,0.7175133397293763,Metabolism; Lipid metabolism,Ether lipid metabolism,gad2-1
ath00770,3,2.468506425110596,34,31,3/34,3/378,31/4747,0.7364977791536423,0.7364977791536423,0.7364977791536423,Metabolism; Metabolism of cofactors and vitamins,Pantothenate and CoA biosynthesis,gad2-1
ath00062,3,2.6277649041499895,36,33,3/36,3/378,33/4747,0.746187875708615,0.746187875708615,0.746187875708615,Metabolism; Lipid metabolism,Fatty acid elongation,gad2-1
ath04626,16,14.970297029702971,204,188,16/204,16/378,188/4747,0.7840661719803161,0.7840661719803161,0.7840661719803161,Organismal Systems; Environmental adaptation,Plant-pathogen interaction,gad2-1
ath04146,7,6.449968401095429,88,81,7/88,7/378,81/4747,0.8357310916415602,0.8357310916415602,0.8357310916415602,Cellular Processes; Transport and catabolism,Peroxisome,gad2-1
ath00592,16,2.329164900381518,43,27,16/43,16/407,27/4718,6.715824785497223e-8,6.715824785497223e-8,6.715824785497223e-8,Metabolism; Lipid metabolism,alpha-Linolenic acid metabolism,gad1245
ath04712,15,2.0703688003391267,39,24,15/39,15/407,24/4718,1.0418073612926049e-7,1.0418073612926049e-7,1.0418073612926049e-7,Organismal Systems; Environmental adaptation,Circadian rhythm - plant,gad1245
ath00400,14,3.623145400593472,56,42,14/56,14/407,42/4718,8.31007694396424e-5,8.31007694396424e-5,8.31007694396424e-5,Metabolism; Amino acid metabolism,"Phenylalanine, tyrosine and tryptophan biosynthesis",gad1245
ath00071,12,3.0192878338278932,47,35,12/47,12/407,35/4718,2.1551291962556275e-4,2.1551291962556275e-4,2.1551291962556275e-4,Metabolism; Lipid metabolism,Fatty acid degradation,gad1245
ath00380,14,4.313268334039847,64,50,14/64,14/407,50/4718,3.802290975083917e-4,3.802290975083917e-4,3.802290975083917e-4,Metabolism; Amino acid metabolism,Tryptophan metabolism,gad1245
ath00940,22,9.144128868164476,128,106,22/128,22/407,106/4718,4.1558053590804925e-4,4.1558053590804925e-4,4.1558053590804925e-4,Metabolism; Biosynthesis of other secondary metabolites,Phenylpropanoid biosynthesis,gad1245
ath00250,11,3.450614667231878,51,40,11/51,11/407,40/4718,0.0017968107806259166,0.0017968107806259166,0.0017968107806259166,Metabolism; Amino acid metabolism,"Alanine, aspartate and glutamate metabolism",gad1245
ath00901,3,0.08626536668079694,4,1,3/4,3/407,1/4718,0.0018720845659830428,0.0018720845659830428,0.0018720845659830428,Metabolism; Biosynthesis of other secondary metabolites,Indole alkaloid biosynthesis,gad1245
ath00410,10,3.191818567189487,47,37,10/47,10/407,37/4718,0.0031977408019798564,0.0031977408019798564,0.0031977408019798564,Metabolism; Metabolism of other amino acids,beta-Alanine metabolism,gad1245
ath00966,7,1.639041966935142,26,19,7/26,7/407,19/4718,0.003296488002283005,0.003296488002283005,0.003296488002283005,Metabolism; Biosynthesis of other secondary metabolites,Glucosinolate biosynthesis,gad1245
ath04075,37,21.911403136922424,291,254,37/291,37/407,254/4718,0.003485241517524266,0.003485241517524266,0.003485241517524266,Environmental Information Processing; Signal transduction,Plant hormone signal transduction,gad1245
ath00350,9,2.760491733785502,41,32,9/41,9/407,32/4718,0.004076498457819113,0.004076498457819113,0.004076498457819113,Metabolism; Amino acid metabolism,Tyrosine metabolism,gad1245
ath00942,2,0,2,0,2/2,2/407,0/4718,0.006292416366786619,0.006292416366786619,0.006292416366786619,Metabolism; Biosynthesis of other secondary metabolites,Anthocyanin biosynthesis,gad1245
ath00330,10,3.7956761339550655,54,44,10/54,10/407,44/4718,0.008972555102740814,0.008972555102740814,0.008972555102740814,Metabolism; Amino acid metabolism,Arginine and proline metabolism,gad1245
ath04016,20,10.265578635014837,139,119,20/139,20/407,119/4718,0.009683923261821579,0.009683923261821579,0.009683923261821579,Environmental Information Processing; Signal transduction,MAPK signaling pathway - plant,gad1245
ath00130,8,2.6742263671047053,39,31,8/39,8/407,31/4718,0.010156587993163388,0.010156587993163388,0.010156587993163388,Metabolism; Metabolism of cofactors and vitamins,Ubiquinone and other terpenoid-quinone biosynthesis,gad1245
ath00908,7,2.1566341670199236,32,25,7/32,7/407,25/4718,0.011149876485179473,0.011149876485179473,0.011149876485179473,Metabolism; Metabolism of terpenoids and polyketides,Zeatin biosynthesis,gad1245
ath00460,12,5.003391267486223,70,58,12/70,12/407,58/4718,0.011201579046628975,0.011201579046628975,0.011201579046628975,Metabolism; Metabolism of other amino acids,Cyanoamino acid metabolism,gad1245
ath00280,9,3.7094107672742687,52,43,9/52,9/407,43/4718,0.019729299932404482,0.019729299932404482,0.019729299932404482,Metabolism; Amino acid metabolism,"Valine, leucine and isoleucine degradation",gad1245
ath00904,5,1.380245866892751,21,16,5/21,5/407,16/4718,0.021636236017505785,0.021636236017505785,0.021636236017505785,Metabolism; Metabolism of terpenoids and polyketides,Diterpenoid biosynthesis,gad1245
ath00591,3,0.5175922000847817,9,6,3/9,3/407,6/4718,0.0290949490493383,0.0290949490493383,0.0290949490493383,Metabolism; Lipid metabolism,Linoleic acid metabolism,gad1245
ath00944,2,0.17253073336159389,4,2,2/4,2/407,2/4718,0.033892619663588086,0.033892619663588086,0.033892619663588086,Metabolism; Biosynthesis of other secondary metabolites,Flavone and flavonol biosynthesis,gad1245
ath00480,14,7.677617634590928,103,89,14/103,14/407,89/4718,0.04120460607180823,0.04120460607180823,0.04120460607180823,Metabolism; Metabolism of other amino acids,Glutathione metabolism,gad1245
ath00941,5,1.725307333615939,25,20,5/25,5/407,20/4718,0.04353837581825071,0.04353837581825071,0.04353837581825071,Metabolism; Biosynthesis of other secondary metabolites,Flavonoid biosynthesis,gad1245
ath00270,16,9.316659601526071,124,108,16/124,16/407,108/4718,0.04391820145600436,0.04391820145600436,0.04391820145600436,Metabolism; Amino acid metabolism,Cysteine and methionine metabolism,gad1245
ath00100,6,2.5879610004239084,36,30,6/36,6/407,30/4718,0.06159442993815642,0.06159442993815642,0.06159442993815642,Metabolism; Lipid metabolism,Steroid biosynthesis,gad1245
ath00960,6,2.5879610004239084,36,30,6/36,6/407,30/4718,0.06159442993815642,0.06159442993815642,0.06159442993815642,Metabolism; Biosynthesis of other secondary metabolites,"Tropane, piperidine and pyridine alkaloid biosynthesis",gad1245
ath00073,6,2.6742263671047053,37,31,6/37,6/407,31/4718,0.06882742944612497,0.06882742944612497,0.06882742944612497,Metabolism; Lipid metabolism,"Cutin, suberine and wax biosynthesis",gad1245
ath00260,10,5.175922000847817,70,60,10/70,10/407,60/4718,0.06901967669372935,0.06901967669372935,0.06901967669372935,Metabolism; Amino acid metabolism,"Glycine, serine and threonine metabolism",gad1245
ath00906,5,2.0703688003391267,29,24,5/29,5/407,24/4718,0.07520801693142375,0.07520801693142375,0.07520801693142375,Metabolism; Metabolism of terpenoids and polyketides,Carotenoid biosynthesis,gad1245
ath00910,7,3.10555320050869,43,36,7/43,7/407,36/4718,0.07854021833453742,0.07854021833453742,0.07854021833453742,Metabolism; Energy metabolism,Nitrogen metabolism,gad1245
ath00500,20,13.026070368800339,171,151,20/171,20/407,151/4718,0.0820074255199498,0.0820074255199498,0.0820074255199498,Metabolism; Carbohydrate metabolism,Starch and sucrose metabolism,gad1245
ath00750,3,1.0351844001695634,15,12,3/15,3/407,12/4718,0.1108145059074717,0.1108145059074717,0.1108145059074717,Metabolism; Metabolism of cofactors and vitamins,Vitamin B6 metabolism,gad1245
ath00052,8,4.22700296735905,57,49,8/57,8/407,49/4718,0.13110325766618194,0.13110325766618194,0.13110325766618194,Metabolism; Carbohydrate metabolism,Galactose metabolism,gad1245
ath00360,5,2.4154302670623147,33,28,5/33,5/407,28/4718,0.18109617371192346,0.18109617371192346,0.18109617371192346,Metabolism; Amino acid metabolism,Phenylalanine metabolism,gad1245
ath00650,3,1.4665112335735482,20,17,3/20,3/407,17/4718,0.20870076799688503,0.20870076799688503,0.20870076799688503,Metabolism; Carbohydrate metabolism,Butanoate metabolism,gad1245
ath00740,3,1.4665112335735482,20,17,3/20,3/407,17/4718,0.20870076799688503,0.20870076799688503,0.20870076799688503,Metabolism; Metabolism of cofactors and vitamins,Riboflavin metabolism,gad1245
ath00430,2,0.7763883001271725,11,9,2/11,2/407,9/4718,0.21558695241227738,0.21558695241227738,0.21558695241227738,Metabolism; Metabolism of other amino acids,Taurine and hypotaurine metabolism,gad1245
ath00950,3,1.639041966935142,22,19,3/22,3/407,19/4718,0.2520510605539307,0.2520510605539307,0.2520510605539307,Metabolism; Biosynthesis of other secondary metabolites,Isoquinoline alkaloid biosynthesis,gad1245
ath02010,8,5.175922000847817,68,60,8/68,8/407,60/4718,0.253208531585017,0.253208531585017,0.253208531585017,Environmental Information Processing; Membrane transport,ABC transporters,gad1245
ath00053,7,4.830860534124629,63,56,7/63,7/407,56/4718,0.34371041123545476,0.34371041123545476,0.34371041123545476,Metabolism; Carbohydrate metabolism,Ascorbate and aldarate metabolism,gad1245
ath00999,7,5.003391267486223,65,58,7/65,7/407,58/4718,0.35597941080565937,0.35597941080565937,0.35597941080565937,Metabolism; Biosynthesis of other secondary metabolites,Biosynthesis of various plant secondary metabolites,gad1245
ath00780,2,1.2077151335311573,16,14,2/16,2/407,14/4718,0.36675714291598793,0.36675714291598793,0.36675714291598793,Metabolism; Metabolism of cofactors and vitamins,Biotin metabolism,gad1245
ath00640,5,3.10555320050869,41,36,5/41,5/407,36/4718,0.37446786871854115,0.37446786871854115,0.37446786871854115,Metabolism; Carbohydrate metabolism,Propanoate metabolism,gad1245
ath00061,5,3.278083933870284,43,38,5/43,5/407,38/4718,0.3864019083171358,0.3864019083171358,0.3864019083171358,Metabolism; Lipid metabolism,Fatty acid biosynthesis,gad1245
ath00909,3,1.725307333615939,23,20,3/23,3/407,20/4718,0.4226626112071481,0.4226626112071481,0.4226626112071481,Metabolism; Metabolism of terpenoids and polyketides,Sesquiterpenoid and triterpenoid biosynthesis,gad1245
ath01040,3,1.8978380669775328,25,22,3/25,3/407,22/4718,0.4446934267571192,0.4446934267571192,0.4446934267571192,Metabolism; Lipid metabolism,Biosynthesis of unsaturated fatty acids,gad1245
ath00220,4,2.760491733785502,36,32,4/36,4/407,32/4718,0.5272810959692901,0.5272810959692901,0.5272810959692901,Metabolism; Amino acid metabolism,Arginine biosynthesis,gad1245
ath00920,4,3.278083933870284,42,38,4/42,4/407,38/4718,0.5727112132711649,0.5727112132711649,0.5727112132711649,Metabolism; Energy metabolism,Sulfur metabolism,gad1245
ath00860,5,4.1407376006782535,53,48,5/53,5/407,48/4718,0.6093320989460108,0.6093320989460108,0.6093320989460108,Metabolism; Metabolism of cofactors and vitamins,Porphyrin metabolism,gad1245
ath00520,12,10.43810936837643,133,121,12/133,12/407,121/4718,0.6248135312449412,0.6248135312449412,0.6248135312449412,Metabolism; Carbohydrate metabolism,Amino sugar and nucleotide sugar metabolism,gad1245
ath00450,2,1.380245866892751,18,16,2/18,2/407,16/4718,0.6494832725080679,0.6494832725080679,0.6494832725080679,Metabolism; Metabolism of other amino acids,Selenocompound metabolism,gad1245
ath00340,2,1.4665112335735482,19,17,2/19,2/407,17/4718,0.659423845453388,0.659423845453388,0.659423845453388,Metabolism; Amino acid metabolism,Histidine metabolism,gad1245
ath00511,2,1.4665112335735482,19,17,2/19,2/407,17/4718,0.659423845453388,0.659423845453388,0.659423845453388,Metabolism; Glycan biosynthesis and metabolism,Other glycan degradation,gad1245
ath00760,2,1.4665112335735482,19,17,2/19,2/407,17/4718,0.659423845453388,0.659423845453388,0.659423845453388,Metabolism; Metabolism of cofactors and vitamins,Nicotinate and nicotinamide metabolism,gad1245
ath00290,2,1.639041966935142,21,19,2/21,2/407,19/4718,0.6810616982627724,0.6810616982627724,0.6810616982627724,Metabolism; Amino acid metabolism,"Valine, leucine and isoleucine biosynthesis",gad1245
ath00310,3,2.4154302670623147,31,28,3/31,3/407,28/4718,0.7332660644394859,0.7332660644394859,0.7332660644394859,Metabolism; Amino acid metabolism,Lysine degradation,gad1245
ath00770,3,2.6742263671047053,34,31,3/34,3/407,31/4718,0.7490252913653561,0.7490252913653561,0.7490252913653561,Metabolism; Metabolism of cofactors and vitamins,Pantothenate and CoA biosynthesis,gad1245
ath00062,3,2.8467571004662995,36,33,3/36,3/407,33/4718,0.7612196155920349,0.7612196155920349,0.7612196155920349,Metabolism; Lipid metabolism,Fatty acid elongation,gad1245
ath04145,7,6.556167867740568,83,76,7/83,7/407,76/4718,0.8369811142047019,0.8369811142047019,0.8369811142047019,Cellular Processes; Transport and catabolism,Phagosome,gad1245
ath00620,8,7.677617634590928,97,89,8/97,8/407,89/4718,0.8495637470392249,0.8495637470392249,0.8495637470392249,Metabolism; Carbohydrate metabolism,Pyruvate metabolism,gad1245
ath04146,7,6.987494701144553,88,81,7/88,7/407,81/4718,1,1,1,Cellular Processes; Transport and catabolism,Peroxisome,gad1245
ath00592,14,1.8734939759036144,43,29,14/43,14/311,29/4814,1.0827027899948864e-7,1.0827027899948864e-7,1.0827027899948864e-7,Metabolism; Lipid metabolism,alpha-Linolenic acid metabolism,gad2OE
ath04075,38,16.344619858745325,291,253,38/291,38/311,253/4814,5.458043420607927e-6,5.458043420607927e-6,5.458043420607927e-6,Environmental Information Processing; Signal transduction,Plant hormone signal transduction,gad2OE
ath00330,12,2.713336103032821,54,42,12/54,12/311,42/4814,6.861286332347482e-5,6.861286332347482e-5,6.861286332347482e-5,Metabolism; Amino acid metabolism,Arginine and proline metabolism,gad2OE
ath00940,20,6.977149979227254,128,108,20/128,20/311,108/4814,7.287770781681438e-5,7.287770781681438e-5,7.287770781681438e-5,Metabolism; Biosynthesis of other secondary metabolites,Phenylpropanoid biosynthesis,gad2OE
ath00410,10,2.3903199002908186,47,37,10/47,10/311,37/4814,4.048644630061074e-4,4.048644630061074e-4,4.048644630061074e-4,Metabolism; Metabolism of other amino acids,beta-Alanine metabolism,gad2OE
ath00908,8,1.550477773161612,32,24,8/32,8/311,24/4814,4.893911877485168e-4,4.893911877485168e-4,4.893911877485168e-4,Metabolism; Metabolism of terpenoids and polyketides,Zeatin biosynthesis,gad2OE
ath00250,10,2.6487328624844206,51,41,10/51,10/311,41/4814,8.044848387324745e-4,8.044848387324745e-4,8.044848387324745e-4,Metabolism; Amino acid metabolism,"Alanine, aspartate and glutamate metabolism",gad2OE
ath00901,3,0.0646032405484005,4,1,3/4,3/311,1/4814,8.458070399774254e-4,8.458070399774254e-4,8.458070399774254e-4,Metabolism; Biosynthesis of other secondary metabolites,Indole alkaloid biosynthesis,gad2OE
ath00280,10,2.713336103032821,52,42,10/52,10/311,42/4814,9.435880328097823e-4,9.435880328097823e-4,9.435880328097823e-4,Metabolism; Amino acid metabolism,"Valine, leucine and isoleucine degradation",gad2OE
ath00480,15,5.685085168259244,103,88,15/103,15/311,88/4814,0.0012359754164224428,0.0012359754164224428,0.0012359754164224428,Metabolism; Metabolism of other amino acids,Glutathione metabolism,gad2OE
ath00071,9,2.454923140839219,47,38,9/47,9/311,38/4814,0.0017427126880122487,0.0017427126880122487,0.0017427126880122487,Metabolism; Lipid metabolism,Fatty acid degradation,gad2OE
ath04016,18,7.8169921063564605,139,121,18/139,18/311,121/4814,0.0018300679494970993,0.0018300679494970993,0.0018300679494970993,Environmental Information Processing; Signal transduction,MAPK signaling pathway - plant,gad2OE
ath04712,8,2.0027004570004157,39,31,8/39,8/311,31/4814,0.0019732463542722323,0.0019732463542722323,0.0019732463542722323,Organismal Systems; Environmental adaptation,Circadian rhythm - plant,gad2OE
ath00350,8,2.1319069380972167,41,33,8/41,8/311,33/4814,0.0027565012001137005,0.0027565012001137005,0.0027565012001137005,Metabolism; Amino acid metabolism,Tyrosine metabolism,gad2OE
ath00942,2,0,2,0,2/2,2/311,0/4814,0.0036712933874069415,0.0036712933874069415,0.0036712933874069415,Metabolism; Biosynthesis of other secondary metabolites,Anthocyanin biosynthesis,gad2OE
ath00500,20,9.755089322808475,171,151,20/171,20/311,151/4814,0.0047153174256765636,0.0047153174256765636,0.0047153174256765636,Metabolism; Carbohydrate metabolism,Starch and sucrose metabolism,gad2OE
ath00130,7,2.067303697548816,39,32,7/39,7/311,32/4814,0.008096940567021784,0.008096940567021784,0.008096940567021784,Metabolism; Metabolism of cofactors and vitamins,Ubiquinone and other terpenoid-quinone biosynthesis,gad2OE
ath00460,10,3.87619443290403,70,60,10/70,10/311,60/4814,0.008984041880791225,0.008984041880791225,0.008984041880791225,Metabolism; Metabolism of other amino acids,Cyanoamino acid metabolism,gad2OE
ath00270,14,7.106356460324055,124,110,14/124,14/311,110/4814,0.020849326545290453,0.020849326545290453,0.020849326545290453,Metabolism; Amino acid metabolism,Cysteine and methionine metabolism,gad2OE
ath00906,5,1.550477773161612,29,24,5/29,5/311,24/4814,0.02841058446574068,0.02841058446574068,0.02841058446574068,Metabolism; Metabolism of terpenoids and polyketides,Carotenoid biosynthesis,gad2OE
ath00904,4,1.0982550893228085,21,17,4/21,4/311,17/4814,0.03505093325901232,0.03505093325901232,0.03505093325901232,Metabolism; Metabolism of terpenoids and polyketides,Diterpenoid biosynthesis,gad2OE
ath00950,4,1.162858329871209,22,18,4/22,4/311,18/4814,0.04086005072621018,0.04086005072621018,0.04086005072621018,Metabolism; Biosynthesis of other secondary metabolites,Isoquinoline alkaloid biosynthesis,gad2OE
ath00910,6,2.3903199002908186,43,37,6/43,6/311,37/4814,0.04350276317177884,0.04350276317177884,0.04350276317177884,Metabolism; Energy metabolism,Nitrogen metabolism,gad2OE
ath00360,5,1.808890735355214,33,28,5/33,5/311,28/4814,0.046670577407580974,0.046670577407580974,0.046670577407580974,Metabolism; Amino acid metabolism,Phenylalanine metabolism,gad2OE
ath00380,8,3.617781470710428,64,56,8/64,8/311,56/4814,0.056013578199807554,0.056013578199807554,0.056013578199807554,Metabolism; Amino acid metabolism,Tryptophan metabolism,gad2OE
ath00520,13,7.75238886580806,133,120,13/133,13/311,120/4814,0.09323716099214661,0.09323716099214661,0.09323716099214661,Metabolism; Carbohydrate metabolism,Amino sugar and nucleotide sugar metabolism,gad2OE
ath00591,2,0.4522226838388035,9,7,2/9,2/311,7/4814,0.09961533334904997,0.09961533334904997,0.09961533334904997,Metabolism; Lipid metabolism,Linoleic acid metabolism,gad2OE
ath00650,3,1.0982550893228085,20,17,3/20,3/311,17/4814,0.11756411197676254,0.11756411197676254,0.11756411197676254,Metabolism; Carbohydrate metabolism,Butanoate metabolism,gad2OE
ath00561,7,3.8115911923556296,66,59,7/66,7/311,59/4814,0.11886802513881248,0.11886802513881248,0.11886802513881248,Metabolism; Lipid metabolism,Glycerolipid metabolism,gad2OE
ath00860,6,3.0363523057748236,53,47,6/53,6/311,47/4814,0.13528225768669738,0.13528225768669738,0.13528225768669738,Metabolism; Metabolism of cofactors and vitamins,Porphyrin metabolism,gad2OE
ath00430,2,0.5814291649356045,11,9,2/11,2/311,9/4814,0.14065854410027284,0.14065854410027284,0.14065854410027284,Metabolism; Metabolism of other amino acids,Taurine and hypotaurine metabolism,gad2OE
ath00400,6,3.230162027420025,56,50,6/56,6/311,50/4814,0.15110520005905145,0.15110520005905145,0.15110520005905145,Metabolism; Amino acid metabolism,"Phenylalanine, tyrosine and tryptophan biosynthesis",gad2OE
ath00941,3,1.421271292064811,25,22,3/25,3/311,22/4814,0.19112678131127325,0.19112678131127325,0.19112678131127325,Metabolism; Biosynthesis of other secondary metabolites,Flavonoid biosynthesis,gad2OE
ath01040,3,1.421271292064811,25,22,3/25,3/311,22/4814,0.19112678131127325,0.19112678131127325,0.19112678131127325,Metabolism; Lipid metabolism,Biosynthesis of unsaturated fatty acids,gad2OE
ath00780,2,0.904445367677607,16,14,2/16,2/311,14/4814,0.25302999207258986,0.25302999207258986,0.25302999207258986,Metabolism; Metabolism of cofactors and vitamins,Biotin metabolism,gad2OE
ath04146,8,5.16825924387204,88,80,8/88,8/311,80/4814,0.2531034206634211,0.2531034206634211,0.2531034206634211,Cellular Processes; Transport and catabolism,Peroxisome,gad2OE
ath00100,4,2.067303697548816,36,32,4/36,4/311,32/4814,0.2760488352787975,0.2760488352787975,0.2760488352787975,Metabolism; Lipid metabolism,Steroid biosynthesis,gad2OE
ath00220,4,2.067303697548816,36,32,4/36,4/311,32/4814,0.2760488352787975,0.2760488352787975,0.2760488352787975,Metabolism; Amino acid metabolism,Arginine biosynthesis,gad2OE
ath00960,4,2.067303697548816,36,32,4/36,4/311,32/4814,0.2760488352787975,0.2760488352787975,0.2760488352787975,Metabolism; Biosynthesis of other secondary metabolites,"Tropane, piperidine and pyridine alkaloid biosynthesis",gad2OE
ath00073,4,2.1319069380972167,37,33,4/37,4/311,33/4814,0.2819620111013006,0.2819620111013006,0.2819620111013006,Metabolism; Lipid metabolism,"Cutin, suberine and wax biosynthesis",gad2OE
ath00999,6,3.8115911923556296,65,59,6/65,6/311,59/4814,0.28739112494892033,0.28739112494892033,0.28739112494892033,Metabolism; Biosynthesis of other secondary metabolites,Biosynthesis of various plant secondary metabolites,gad2OE
ath00640,4,2.3903199002908186,41,37,4/41,4/311,37/4814,0.31180038790693365,0.31180038790693365,0.31180038790693365,Metabolism; Carbohydrate metabolism,Propanoate metabolism,gad2OE
ath00260,6,4.134607395097632,70,64,6/70,6/311,64/4814,0.3174812497141426,0.3174812497141426,0.3174812497141426,Metabolism; Amino acid metabolism,"Glycine, serine and threonine metabolism",gad2OE
ath00340,2,1.0982550893228085,19,17,2/19,2/311,17/4814,0.3220445864205076,0.3220445864205076,0.3220445864205076,Metabolism; Amino acid metabolism,Histidine metabolism,gad2OE
ath00760,2,1.0982550893228085,19,17,2/19,2/311,17/4814,0.3220445864205076,0.3220445864205076,0.3220445864205076,Metabolism; Metabolism of cofactors and vitamins,Nicotinate and nicotinamide metabolism,gad2OE
ath00740,2,1.162858329871209,20,18,2/20,2/311,18/4814,0.34476463913647926,0.34476463913647926,0.34476463913647926,Metabolism; Metabolism of cofactors and vitamins,Riboflavin metabolism,gad2OE
ath00052,5,3.359368508516826,57,52,5/57,5/311,52/4814,0.3934806440751727,0.3934806440751727,0.3934806440751727,Metabolism; Carbohydrate metabolism,Galactose metabolism,gad2OE
ath00790,3,1.7442874948068134,30,27,3/30,3/311,27/4814,0.4250932847920653,0.4250932847920653,0.4250932847920653,Metabolism; Metabolism of cofactors and vitamins,Folate biosynthesis,gad2OE
ath00310,3,1.808890735355214,31,28,3/31,3/311,28/4814,0.43269911857159876,0.43269911857159876,0.43269911857159876,Metabolism; Amino acid metabolism,Lysine degradation,gad2OE
ath00770,3,2.0027004570004157,34,31,3/34,3/311,31/4814,0.45906531502724696,0.45906531502724696,0.45906531502724696,Metabolism; Metabolism of cofactors and vitamins,Pantothenate and CoA biosynthesis,gad2OE
ath00909,2,1.3566680515164105,23,21,2/23,2/311,21/4814,0.6474155618879059,0.6474155618879059,0.6474155618879059,Metabolism; Metabolism of terpenoids and polyketides,Sesquiterpenoid and triterpenoid biosynthesis,gad2OE
ath00564,7,5.943498130452846,99,92,7/99,7/311,92/4814,0.6678781341342059,0.6678781341342059,0.6678781341342059,Metabolism; Lipid metabolism,Glycerophospholipid metabolism,gad2OE
ath00565,2,1.550477773161612,26,24,2/26,2/311,24/4814,0.6697664510776365,0.6697664510776365,0.6697664510776365,Metabolism; Lipid metabolism,Ether lipid metabolism,gad2OE
ath00966,2,1.550477773161612,26,24,2/26,2/311,24/4814,0.6697664510776365,0.6697664510776365,0.6697664510776365,Metabolism; Biosynthesis of other secondary metabolites,Glucosinolate biosynthesis,gad2OE
ath04136,3,2.454923140839219,41,38,3/41,3/311,38/4814,0.7364473713353223,0.7364473713353223,0.7364473713353223,Cellular Processes; Transport and catabolism,Autophagy - other,gad2OE
ath00920,3,2.5195263813876196,42,39,3/42,3/311,39/4814,0.7400891046484015,0.7400891046484015,0.7400891046484015,Metabolism; Energy metabolism,Sulfur metabolism,gad2OE
ath00061,3,2.58412962193602,43,40,3/43,3/311,40/4814,0.7439814761804445,0.7439814761804445,0.7439814761804445,Metabolism; Lipid metabolism,Fatty acid biosynthesis,gad2OE
ath04626,13,12.339218944744495,204,191,13/204,13/311,191/4814,0.7661229487426022,0.7661229487426022,0.7661229487426022,Organismal Systems; Environmental adaptation,Plant-pathogen interaction,gad2OE
ath00030,4,3.488574989613627,58,54,4/58,4/311,54/4814,0.7786214213960454,0.7786214213960454,0.7786214213960454,Metabolism; Carbohydrate metabolism,Pentose phosphate pathway,gad2OE
ath00053,4,3.8115911923556296,63,59,4/63,4/311,59/4814,0.7918026057470836,0.7918026057470836,0.7918026057470836,Metabolism; Carbohydrate metabolism,Ascorbate and aldarate metabolism,gad2OE
ath00240,4,3.87619443290403,64,60,4/64,4/311,60/4814,0.7948542778211962,0.7948542778211962,0.7948542778211962,Metabolism; Nucleotide metabolism,Pyrimidine metabolism,gad2OE
ath04075,50,20.734477643568553,291,241,50/291,50/406,241/4719,7.656972169485113e-8,7.656972169485113e-8,7.656972169485113e-8,Environmental Information Processing; Signal transduction,Plant hormone signal transduction,pop2-8
ath04712,15,2.0648442466624286,39,24,15/39,15/406,24/4719,1.008154015788852e-7,1.008154015788852e-7,1.008154015788852e-7,Organismal Systems; Environmental adaptation,Circadian rhythm - plant,pop2-8
ath00908,9,1.9788090697181606,32,23,9/32,9/406,23/4719,6.07947152268981e-4,6.07947152268981e-4,6.07947152268981e-4,Metabolism; Metabolism of terpenoids and polyketides,Zeatin biosynthesis,pop2-8
ath00592,10,2.839160839160839,43,33,10/43,10/406,33/4719,0.0015475995504538012,0.0015475995504538012,0.0015475995504538012,Metabolism; Lipid metabolism,alpha-Linolenic acid metabolism,pop2-8
ath00071,10,3.1833015469379107,47,37,10/47,10/406,37/4719,0.0031407281071651246,0.0031407281071651246,0.0031407281071651246,Metabolism; Lipid metabolism,Fatty acid degradation,pop2-8
ath00906,7,1.8927738927738929,29,22,7/29,7/406,22/4719,0.0062716513401951364,0.0062716513401951364,0.0062716513401951364,Metabolism; Metabolism of terpenoids and polyketides,Carotenoid biosynthesis,pop2-8
ath00280,10,3.6134774316592497,52,42,10/52,10/406,42/4719,0.00672240733769162,0.00672240733769162,0.00672240733769162,Metabolism; Amino acid metabolism,"Valine, leucine and isoleucine degradation",pop2-8
ath00330,10,3.7855477855477857,54,44,10/54,10/406,44/4719,0.008823574845288314,0.008823574845288314,0.008823574845288314,Metabolism; Amino acid metabolism,Arginine and proline metabolism,pop2-8
ath00500,23,12.733206187751643,171,148,23/171,23/406,148/4719,0.013194383649967684,0.013194383649967684,0.013194383649967684,Metabolism; Carbohydrate metabolism,Starch and sucrose metabolism,pop2-8
ath00770,7,2.322949777495232,34,27,7/34,7/406,27/4719,0.015342442373509733,0.015342442373509733,0.015342442373509733,Metabolism; Metabolism of cofactors and vitamins,Pantothenate and CoA biosynthesis,pop2-8
ath04626,26,15.314261496079677,204,178,26/204,26/406,178/4719,0.016193696749734435,0.016193696749734435,0.016193696749734435,Organismal Systems; Environmental adaptation,Plant-pathogen interaction,pop2-8
ath00910,8,3.0112311930493747,43,35,8/43,8/406,35/4719,0.01788525390803238,0.01788525390803238,0.01788525390803238,Metabolism; Energy metabolism,Nitrogen metabolism,pop2-8
ath00062,7,2.4950201313837677,36,29,7/36,7/406,29/4719,0.02077163195000957,0.02077163195000957,0.02077163195000957,Metabolism; Lipid metabolism,Fatty acid elongation,pop2-8
ath00100,7,2.4950201313837677,36,29,7/36,7/406,29/4719,0.02077163195000957,0.02077163195000957,0.02077163195000957,Metabolism; Lipid metabolism,Steroid biosynthesis,pop2-8
ath00410,8,3.355371900826446,47,39,8/47,8/406,39/4719,0.0294371776655127,0.0294371776655127,0.0294371776655127,Metabolism; Metabolism of other amino acids,beta-Alanine metabolism,pop2-8
ath00901,2,0.1720703538885357,4,2,2/4,2/406,2/4719,0.033735270596769396,0.033735270596769396,0.033735270596769396,Metabolism; Biosynthesis of other secondary metabolites,Indole alkaloid biosynthesis,pop2-8
ath04016,18,10.41025641025641,139,121,18/139,18/406,121/4719,0.03651976009412594,0.03651976009412594,0.03651976009412594,Environmental Information Processing; Signal transduction,MAPK signaling pathway - plant,pop2-8
ath00350,7,2.925196016105107,41,34,7/41,7/406,34/4719,0.03985571777168842,0.03985571777168842,0.03985571777168842,Metabolism; Amino acid metabolism,Tyrosine metabolism,pop2-8
ath00250,8,3.6995126086035177,51,43,8/51,8/406,43/4719,0.05985453195929422,0.05985453195929422,0.05985453195929422,Metabolism; Amino acid metabolism,"Alanine, aspartate and glutamate metabolism",pop2-8
ath00940,16,9.635939817758,128,112,16/128,16/406,112/4719,0.06573293092551766,0.06573293092551766,0.06573293092551766,Metabolism; Biosynthesis of other secondary metabolites,Phenylpropanoid biosynthesis,pop2-8
ath00460,10,5.162110616656071,70,60,10/70,10/406,60/4719,0.06861654901701815,0.06861654901701815,0.06861654901701815,Metabolism; Metabolism of other amino acids,Cyanoamino acid metabolism,pop2-8
ath00052,8,4.215723670269125,57,49,8/57,8/406,49/4719,0.13073720419345317,0.13073720419345317,0.13073720419345317,Metabolism; Carbohydrate metabolism,Galactose metabolism,pop2-8
ath04145,10,6.280567916931553,83,73,10/83,10/406,73/4719,0.15271793461146668,0.15271793461146668,0.15271793461146668,Cellular Processes; Transport and catabolism,Phagosome,pop2-8
ath00905,2,0.602246238609875,9,7,2/9,2/406,7/4719,0.15570339493908855,0.15570339493908855,0.15570339493908855,Metabolism; Metabolism of terpenoids and polyketides,Brassinosteroid biosynthesis,pop2-8
ath00053,8,4.731934731934732,63,55,8/63,8/406,55/4719,0.1569850240646077,0.1569850240646077,0.1569850240646077,Metabolism; Carbohydrate metabolism,Ascorbate and aldarate metabolism,pop2-8
ath00240,8,4.817969908879,64,56,8/64,8/406,56/4719,0.16306166702311153,0.16306166702311153,0.16306166702311153,Metabolism; Nucleotide metabolism,Pyrimidine metabolism,pop2-8
ath00380,8,4.817969908879,64,56,8/64,8/406,56/4719,0.16306166702311153,0.16306166702311153,0.16306166702311153,Metabolism; Amino acid metabolism,Tryptophan metabolism,pop2-8
ath00999,8,4.904005085823267,65,57,8/65,8/406,57/4719,0.16958199323582407,0.16958199323582407,0.16958199323582407,Metabolism; Biosynthesis of other secondary metabolites,Biosynthesis of various plant secondary metabolites,pop2-8
ath00270,14,9.463869463869464,124,110,14/124,14/406,110/4719,0.17502562416103337,0.17502562416103337,0.17502562416103337,Metabolism; Amino acid metabolism,Cysteine and methionine metabolism,pop2-8
ath00360,5,2.4089849544395,33,28,5/33,5/406,28/4719,0.1806447487976749,0.1806447487976749,0.1806447487976749,Metabolism; Amino acid metabolism,Phenylalanine metabolism,pop2-8
ath00860,7,3.9576181394363212,53,46,7/53,7/406,46/4719,0.19167834942923564,0.19167834942923564,0.19167834942923564,Metabolism; Metabolism of cofactors and vitamins,Porphyrin metabolism,pop2-8
ath00480,12,7.8292011019283745,103,91,12/103,12/406,91/4719,0.19244897254404786,0.19244897254404786,0.19244897254404786,Metabolism; Metabolism of other amino acids,Glutathione metabolism,pop2-8
ath00650,3,1.4625980080525536,20,17,3/20,3/406,17/4719,0.2076689518293392,0.2076689518293392,0.2076689518293392,Metabolism; Carbohydrate metabolism,Butanoate metabolism,pop2-8
ath00740,3,1.4625980080525536,20,17,3/20,3/406,17/4719,0.2076689518293392,0.2076689518293392,0.2076689518293392,Metabolism; Metabolism of cofactors and vitamins,Riboflavin metabolism,pop2-8
ath00430,2,0.7743165924984107,11,9,2/11,2/406,9/4719,0.2147770071365838,0.2147770071365838,0.2147770071365838,Metabolism; Metabolism of other amino acids,Taurine and hypotaurine metabolism,pop2-8
ath00730,3,1.5486331849968213,21,18,3/21,3/406,18/4719,0.22907642554615482,0.22907642554615482,0.22907642554615482,Metabolism; Metabolism of cofactors and vitamins,Thiamine metabolism,pop2-8
ath00904,3,1.5486331849968213,21,18,3/21,3/406,18/4719,0.22907642554615482,0.22907642554615482,0.22907642554615482,Metabolism; Metabolism of terpenoids and polyketides,Diterpenoid biosynthesis,pop2-8
ath04146,10,6.710743801652892,88,78,10/88,10/406,78/4719,0.22932526726188024,0.22932526726188024,0.22932526726188024,Cellular Processes; Transport and catabolism,Peroxisome,pop2-8
ath00130,5,2.925196016105107,39,34,5/39,5/406,34/4719,0.23211085159925854,0.23211085159925854,0.23211085159925854,Metabolism; Metabolism of cofactors and vitamins,Ubiquinone and other terpenoid-quinone biosynthesis,pop2-8
ath00950,3,1.634668361941089,22,19,3/22,3/406,19/4719,0.2508691084037461,0.2508691084037461,0.2508691084037461,Metabolism; Biosynthesis of other secondary metabolites,Isoquinoline alkaloid biosynthesis,pop2-8
ath00520,14,10.238186056367875,133,119,14/133,14/406,119/4719,0.253860787823248,0.253860787823248,0.253860787823248,Metabolism; Carbohydrate metabolism,Amino sugar and nucleotide sugar metabolism,pop2-8
ath00790,4,2.236914600550964,30,26,4/30,4/406,26/4719,0.2938243998926928,0.2938243998926928,0.2938243998926928,Metabolism; Metabolism of cofactors and vitamins,Folate biosynthesis,pop2-8
ath00780,2,1.20449247721975,16,14,2/16,2/406,14/4719,0.3655875331551166,0.3655875331551166,0.3655875331551166,Metabolism; Metabolism of cofactors and vitamins,Biotin metabolism,pop2-8
ath00040,11,8.345412163593982,108,97,11/108,11/406,97/4719,0.36625909976447174,0.36625909976447174,0.36625909976447174,Metabolism; Carbohydrate metabolism,Pentose and glucuronate interconversions,pop2-8
ath00061,5,3.269336723882178,43,38,5/43,5/406,38/4719,0.3857287763800316,0.3857287763800316,0.3857287763800316,Metabolism; Lipid metabolism,Fatty acid biosynthesis,pop2-8
ath00909,3,1.720703538885357,23,20,3/23,3/406,20/4719,0.422138116645447,0.422138116645447,0.422138116645447,Metabolism; Metabolism of terpenoids and polyketides,Sesquiterpenoid and triterpenoid biosynthesis,pop2-8
ath01040,3,1.8927738927738929,25,22,3/25,3/406,22/4719,0.4439847607461241,0.4439847607461241,0.4439847607461241,Metabolism; Lipid metabolism,Biosynthesis of unsaturated fatty acids,pop2-8
ath00960,4,2.753125662216571,36,32,4/36,4/406,32/4719,0.5268191529863554,0.5268191529863554,0.5268191529863554,Metabolism; Biosynthesis of other secondary metabolites,"Tropane, piperidine and pyridine alkaloid biosynthesis",pop2-8
ath00640,4,3.1833015469379107,41,37,4/41,4/406,37/4719,0.5629543257653136,0.5629543257653136,0.5629543257653136,Metabolism; Carbohydrate metabolism,Propanoate metabolism,pop2-8
ath04136,4,3.1833015469379107,41,37,4/41,4/406,37/4719,0.5629543257653136,0.5629543257653136,0.5629543257653136,Cellular Processes; Transport and catabolism,Autophagy - other,pop2-8
ath00920,4,3.269336723882178,42,38,4/42,4/406,38/4719,0.5717922954061996,0.5717922954061996,0.5717922954061996,Metabolism; Energy metabolism,Sulfur metabolism,pop2-8
ath00561,6,5.162110616656071,66,60,6/66,6/406,60/4719,0.6467381729046808,0.6467381729046808,0.6467381729046808,Metabolism; Lipid metabolism,Glycerolipid metabolism,pop2-8
ath00340,2,1.4625980080525536,19,17,2/19,2/406,17/4719,0.6589597892225251,0.6589597892225251,0.6589597892225251,Metabolism; Amino acid metabolism,Histidine metabolism,pop2-8
ath00760,2,1.4625980080525536,19,17,2/19,2/406,17/4719,0.6589597892225251,0.6589597892225251,0.6589597892225251,Metabolism; Metabolism of cofactors and vitamins,Nicotinate and nicotinamide metabolism,pop2-8
ath00290,2,1.634668361941089,21,19,2/21,2/406,19/4719,0.6804911926817098,0.6804911926817098,0.6804911926817098,Metabolism; Amino acid metabolism,"Valine, leucine and isoleucine biosynthesis",pop2-8
ath00230,8,6.79677897859716,87,79,8/87,8/406,79/4719,0.6864851371041506,0.6864851371041506,0.6864851371041506,Metabolism; Nucleotide metabolism,Purine metabolism,pop2-8
ath00310,3,2.4089849544395,31,28,3/31,3/406,28/4719,0.7329355867345043,0.7329355867345043,0.7329355867345043,Metabolism; Amino acid metabolism,Lysine degradation,pop2-8
ath00600,3,2.4950201313837677,32,29,3/32,3/406,29/4719,0.7377239422661587,0.7377239422661587,0.7377239422661587,Metabolism; Lipid metabolism,Sphingolipid metabolism,pop2-8
ath00220,3,2.839160839160839,36,33,3/36,3/406,33/4719,0.7606686210218818,0.7606686210218818,0.7606686210218818,Metabolism; Amino acid metabolism,Arginine biosynthesis,pop2-8
ath00400,5,4.38779402415766,56,51,5/56,5/406,51/4719,0.80115576772382735,0.80115576772382735,0.80115576772382735,Metabolism; Amino acid metabolism,"Phenylalanine, tyrosine and tryptophan biosynthesis",pop2-8
ath00260,6,5.506251324433142,70,64,6/70,6/406,64/4719,0.8222779057787785,0.8222779057787785,0.8222779057787785,Metabolism; Amino acid metabolism,"Glycine, serine and threonine metabolism",pop2-8
ath00564,8,7.8292011019283745,99,91,8/99,8/406,91/4719,0.8519565103428903,0.8519565103428903,0.8519565103428903,Metabolism; Lipid metabolism,Glycerophospholipid metabolism,pop2-8
ath00073,3,2.925196016105107,37,34,3/37,3/406,34/4719,0.9999999999999999,0.9999999999999999,0.9999999999999999,Metabolism; Lipid metabolism,"Cutin, suberine and wax biosynthesis",pop2-8
